{
  "Ansi 5 Color" : {
    "Red Component" : 0.41559991240501404,
    "Color Space" : "sRGB",
    "Blue Component" : 0.60391873121261597,
    "Alpha Component" : 1,
    "Green Component" : 0.11898414045572281
  },
  "Tags" : [

  ],
  "Ansi 12 Color" : {
    "Red Component" : 0.39215689897537231,
    "Color Space" : "sRGB",
    "Blue Component" : 0.96470588445663452,
    "Alpha Component" : 1,
    "Green Component" : 0.7098039984703064
  },
  "Ansi 2 Color" : {
    "Red Component" : 0,
    "Color Space" : "sRGB",
    "Blue Component" : 0,
    "Alpha Component" : 1,
    "Green Component" : 0.70588237047195435
  },
  "Draw Powerline Glyphs" : true,
  "Bold Color" : {
    "Red Component" : 0.7764706015586853,
    "Color Space" : "sRGB",
    "Blue Component" : 0.15686270594596863,
    "Alpha Component" : 1,
    "Green Component" : 0.15686267614364624
  },
  "Ansi 7 Color" : {
    "Red Component" : 0.94901973009109497,
    "Color Space" : "sRGB",
    "Blue Component" : 0.94901961088180542,
    "Alpha Component" : 1,
    "Green Component" : 0.94901961088180542
  },
  "Ansi 8 Color" : {
    "Red Component" : 0.32782799005508423,
    "Color Space" : "sRGB",
    "Blue Component" : 0.32783189415931702,
    "Alpha Component" : 1,
    "Green Component" : 0.32783645391464233
  },
  "Ansi 9 Color" : {
    "Red Component" : 0.93725490570068359,
    "Color Space" : "sRGB",
    "Blue Component" : 0.31372541189193726,
    "Alpha Component" : 1,
    "Green Component" : 0.32549011707305908
  },
  "Rows" : 25,
  "Default Bookmark" : "No",
  "Transparency" : 0,
  "Guid" : "82F5FFE3-D64F-4E05-B41E-2DF98ED183D3",
  "Cursor Guide Color" : {
    "Red Component" : 0.70213186740875244,
    "Color Space" : "sRGB",
    "Blue Component" : 1,
    "Alpha Component" : 0.25,
    "Green Component" : 0.9268307089805603
  },
  "Non-ASCII Anti Aliased" : true,
  "Use Bright Bold" : true,
  "Ansi 10 Color" : {
    "Red Component" : 0,
    "Color Space" : "sRGB",
    "Blue Component" : 0,
    "Alpha Component" : 1,
    "Green Component" : 0.84313726425170898
  },
  "Ambiguous Double Width" : false,
  "Jobs to Ignore" : [
    "rlogin",
    "ssh",
    "slogin",
    "telnet"
  ],
  "Ansi 15 Color" : {
    "Red Component" : 0.87843149900436401,
    "Color Space" : "sRGB",
    "Blue Component" : 0.87843137979507446,
    "Alpha Component" : 1,
    "Green Component" : 0.87843137979507446
  },
  "Foreground Color" : {
    "Red Component" : 0.91764706373214722,
    "Color Space" : "sRGB",
    "Blue Component" : 0.91764700412750244,
    "Alpha Component" : 1,
    "Green Component" : 0.91764706373214722
  },
  "Working Directory" : "\/Users\/agraber",
  "Blinking Cursor" : false,
  "Disable Window Resizing" : true,
  "Sync Title" : false,
  "Prompt Before Closing 2" : false,
  "BM Growl" : true,
  "Mouse Reporting" : true,
  "Command" : "",
  "Description" : "Default",
  "Screen" : -1,
  "Selection Color" : {
    "Red Component" : 0.89803928136825562,
    "Color Space" : "sRGB",
    "Blue Component" : 0.89803916215896606,
    "Alpha Component" : 1,
    "Green Component" : 0.89803928136825562
  },
  "Columns" : 120,
  "Idle Code" : 0,
  "Ansi 13 Color" : {
    "Red Component" : 0.72941190004348755,
    "Color Space" : "sRGB",
    "Blue Component" : 0.78431373834609985,
    "Alpha Component" : 1,
    "Green Component" : 0.40784308314323425
  },
  "Custom Command" : "No",
  "ASCII Anti Aliased" : true,
  "Non Ascii Font" : "MesloLGS-NF-Regular 11",
  "Vertical Spacing" : 1,
  "Use Bold Font" : true,
  "Option Key Sends" : 0,
  "Selected Text Color" : {
    "Red Component" : 0.30588233470916748,
    "Color Space" : "sRGB",
    "Blue Component" : 0.30588233470916748,
    "Alpha Component" : 1,
    "Green Component" : 0.30588233470916748
  },
  "Background Color" : {
    "Red Component" : 0.12941177189350128,
    "Color Space" : "sRGB",
    "Blue Component" : 0.12941177189350128,
    "Alpha Component" : 1,
    "Green Component" : 0.12941177189350128
  },
  "Character Encoding" : 4,
  "Ansi 11 Color" : {
    "Red Component" : 1,
    "Color Space" : "sRGB",
    "Blue Component" : 0.23137244582176208,
    "Alpha Component" : 1,
    "Green Component" : 0.92156857252120972
  },
  "Non-ASCII Ligatures" : true,
  "Use Italic Font" : true,
  "Unlimited Scrollback" : true,
  "Keyboard Map" : {
    "0xf728-0x80000" : {
      "Text" : "d",
      "Action" : 10
    },
    "0xf702-0x280000" : {
      "Text" : "b",
      "Action" : 10
    },
    "0xf70d-0x20000" : {
      "Text" : "[21;2~",
      "Action" : 10
    },
    "0x7f-0x80000" : {
      "Text" : "0x1b 0x7f",
      "Action" : 11
    },
    "0xf708-0x20000" : {
      "Text" : "[15;2~",
      "Action" : 10
    },
    "0x33-0x40000" : {
      "Text" : "0x1b",
      "Action" : 11
    },
    "0xf703-0x260000" : {
      "Text" : "[1;6C",
      "Action" : 10
    },
    "0xf729-0x20000" : {
      "Text" : "[1;2H",
      "Action" : 10
    },
    "0xf702-0x260000" : {
      "Text" : "[1;6D",
      "Action" : 10
    },
    "0x38-0x40000" : {
      "Text" : "0x7f",
      "Action" : 11
    },
    "0xf703-0x320000" : {
      "Text" : "0",
      "Action" : 48
    },
    "0xf72b-0x40000" : {
      "Text" : "[1;5F",
      "Action" : 10
    },
    "0xf70c-0x20000" : {
      "Text" : "[20;2~",
      "Action" : 10
    },
    "0xf701-0x260000" : {
      "Text" : "[1;6B",
      "Action" : 10
    },
    "0xf702-0x320000" : {
      "Text" : "0",
      "Action" : 47
    },
    "0x32-0x40000" : {
      "Text" : "0x00",
      "Action" : 11
    },
    "0xf707-0x20000" : {
      "Text" : "[1;2S",
      "Action" : 10
    },
    "0xf703-0x240000" : {
      "Text" : "[1;5C",
      "Action" : 10
    },
    "0xf700-0x260000" : {
      "Text" : "[1;6A",
      "Action" : 10
    },
    "0xf701-0x320000" : {
      "Text" : "2",
      "Action" : 46
    },
    "0xf702-0x240000" : {
      "Text" : "[1;5D",
      "Action" : 10
    },
    "0xf703-0x300000" : {
      "Text" : "0x5",
      "Action" : 11
    },
    "0x37-0x40000" : {
      "Text" : "0x1f",
      "Action" : 11
    },
    "0xf703-0x2a0000" : {
      "Text" : "1",
      "Action" : 48
    },
    "0x3-0x200000" : {
      "Text" : "0xd",
      "Action" : 11
    },
    "0xf700-0x320000" : {
      "Text" : "2",
      "Action" : 47
    },
    "0xf701-0x240000" : {
      "Text" : "[1;5B",
      "Action" : 10
    },
    "0xf702-0x300000" : {
      "Text" : "0x1",
      "Action" : 11
    },
    "0xf703-0x220000" : {
      "Text" : "[1;2C",
      "Action" : 10
    },
    "0xf702-0x2a0000" : {
      "Text" : "1",
      "Action" : 47
    },
    "0xf739-0x0" : {
      "Text" : "",
      "Action" : 13
    },
    "0xf70b-0x20000" : {
      "Text" : "[19;2~",
      "Action" : 10
    },
    "0xf728-0x0" : {
      "Text" : "0x4",
      "Action" : 11
    },
    "0xf706-0x20000" : {
      "Text" : "[1;2R",
      "Action" : 10
    },
    "0xf700-0x240000" : {
      "Text" : "[1;5A",
      "Action" : 10
    },
    "0xf702-0x220000" : {
      "Text" : "[1;2D",
      "Action" : 10
    },
    "0xf701-0x300000" : {
      "Text" : "",
      "Action" : 6
    },
    "0x36-0x40000" : {
      "Text" : "0x1e",
      "Action" : 11
    },
    "0xf700-0x300000" : {
      "Text" : "",
      "Action" : 7
    },
    "0xf70f-0x20000" : {
      "Text" : "[24;2~",
      "Action" : 10
    },
    "0xf701-0x220000" : {
      "Text" : "[1;2B",
      "Action" : 10
    },
    "0xf70a-0x20000" : {
      "Text" : "[18;2~",
      "Action" : 10
    },
    "0xf729-0x40000" : {
      "Text" : "[1;5H",
      "Action" : 10
    },
    "0xf72b-0x20000" : {
      "Text" : "[1;2F",
      "Action" : 10
    },
    "0xf700-0x220000" : {
      "Text" : "[1;2A",
      "Action" : 10
    },
    "0x30-0x200000" : {
      "Text" : "0",
      "Action" : 12
    },
    "0xf705-0x20000" : {
      "Text" : "[1;2Q",
      "Action" : 10
    },
    "0x31-0x200000" : {
      "Text" : "1",
      "Action" : 12
    },
    "0x33-0x200000" : {
      "Text" : "3",
      "Action" : 12
    },