{
  "Ansi 0 Color": {
    "Alpha Component": 1,
    "Blue Component": 0.1726332306861877,
    "Color Space": "sRGB",
    "Green Component": 0.172635942697525,
    "Red Component": 0.1726308763027191
  },
  "Ansi 1 Color": {
    "Alpha Component": 1,
    "Blue Component": 0.1568627059459686,
    "Color Space": "sRGB",
    "Green Component": 0.1568626761436462,
    "Red Component": 0.7764706015586853
  },
  "Ansi 2 Color": {
    "Alpha Component": 1,
    "Blue Component": 0,
    "Color Space": "sRGB",
    "Green Component": 0.7058823704719543,
    "Red Component": 0
  },
  "Ansi 3 Color": {
    "Alpha Component": 1,
    "Blue Component": 0.1450980007648468,
    "Color Space": "sRGB",
    "Green Component": 0.658823549747467,
    "Red Component": 0.9764706492424011
  },
  "Ansi 4 Color": {
    "Alpha Component": 1,
    "Blue Component": 0.7529410719871521,
    "Color Space": "sRGB",
    "Green Component": 0.3960783779621124,
    "Red Component": 0.08235301822423935
  },
  "Ansi 5 Color": {
    "Alpha Component": 1,
    "Blue Component": 0.603918731212616,
    "Color Space": "sRGB",
    "Green Component": 0.1189841404557228,
    "Red Component": 0.415599912405014
  },
  "Ansi 6 Color": {
    "Alpha Component": 1,
    "Blue Component": 0.5607842803001404,
    "Color Space": "sRGB",
    "Green Component": 0.5137254595756531,
    "Red Component": 1.628173009748934e-7
  },
  "Ansi 7 Color": {
    "Alpha Component": 1,
    "Blue Component": 0.9490196108818054,
    "Color Space": "sRGB",
    "Green Component": 0.9490196108818054,
    "Red Component": 0.949019730091095
  },
  "Ansi 8 Color": {
    "Alpha Component": 1,
    "Blue Component": 0.327831894159317,
    "Color Space": "sRGB",
    "Green Component": 0.3278364539146423,
    "Red Component": 0.3278279900550842
  },
  "Ansi 9 Color": {
    "Alpha Component": 1,
    "Blue Component": 0.3137254118919373,
    "Color Space": "sRGB",
    "Green Component": 0.3254901170730591,
    "Red Component": 0.9372549057006836
  },
  "Ansi 10 Color": {
    "Alpha Component": 1,
    "Blue Component": 0,
    "Color Space": "sRGB",
    "Green Component": 0.843137264251709,
    "Red Component": 0
  },
  "Ansi 11 Color": {
    "Alpha Component": 1,
    "Blue Component": 0.2313724458217621,
    "Color Space": "sRGB",
    "Green Component": 0.9215685725212097,
    "Red Component": 1
  },
  "Ansi 12 Color": {
    "Alpha Component": 1,
    "Blue Component": 0.9647058844566345,
    "Color Space": "sRGB",
    "Green Component": 0.7098039984703064,
    "Red Component": 0.3921568989753723
  },
  "Ansi 13 Color": {
    "Alpha Component": 1,
    "Blue Component": 0.7843137383460999,
    "Color Space": "sRGB",
    "Green Component": 0.4078430831432343,
    "Red Component": 0.7294119000434875
  },
  "Ansi 14 Color": {
    "Alpha Component": 1,
    "Blue Component": 0.8549019694328308,
    "Color Space": "sRGB",
    "Green Component": 0.7764706015586853,
    "Red Component": 0.1490196585655212
  },
  "Ansi 15 Color": {
    "Alpha Component": 1,
    "Blue Component": 0.8784313797950745,
    "Color Space": "sRGB",
    "Green Component": 0.8784313797950745,
    "Red Component": 0.878431499004364
  },
  "Background Color": {
    "Alpha Component": 1,
    "Blue Component": 0.1294117718935013,
    "Color Space": "sRGB",
    "Green Component": 0.1294117718935013,
    "Red Component": 0.1294117718935013
  },
  "Badge Color": {
    "Alpha Component": 0.5,
    "Blue Component": 0,
    "Color Space": "sRGB",
    "Green Component": 0.1491314172744751,
    "Red Component": 1
  },
  "Bold Color": {
    "Alpha Component": 1,
    "Blue Component": 0.1568627059459686,
    "Color Space": "sRGB",
    "Green Component": 0.1568626761436462,
    "Red Component": 0.7764706015586853
  },
  "Cursor Color": {
    "Alpha Component": 1,
    "Blue Component": 0.8823529481887817,
    "Color Space": "sRGB",
    "Green Component": 0.1000000014901161,
    "Red Component": 0.8823529481887817
  },
  "Cursor Guide Color": {
    "Alpha Component": 0.25,
    "Blue Component": 1,
    "Color Space": "sRGB",
    "Green Component": 0.9268307089805603,
    "Red Component": 0.7021318674087524
  },
  "Cursor Text Color": {
    "Alpha Component": 1,
    "Blue Component": 0.8980391621589661,
    "Color Space": "sRGB",
    "Green Component": 0.8980392813682556,
    "Red Component": 0.8980392813682556
  },
  "Foreground Color": {
    "Alpha Component": 1,
    "Blue Component": 0.9176470041275024,
    "Color Space": "sRGB",
    "Green Component": 0.9176470637321472,
    "Red Component": 0.9176470637321472
  },
  "Link Color": {
    "Alpha Component": 1,
    "Blue Component": 0.734233021736145,
    "Color Space": "sRGB",
    "Green Component": 0.3591606020927429,
    "Red Component": 0
  },
  "Selected Text Color": {
    "Alpha Component": 1,
    "Blue Component": 0.3058823347091675,
    "Color Space": "sRGB",
    "Green Component": 0.3058823347091675,
    "Red Component": 0.3058823347091675
  },
  "Selection Color": {
    "Alpha Component": 1,
    "Blue Component": 0.8980391621589661,
    "Color Space": "sRGB",
    "Green Component": 0.8980392813682556,
    "Red Component": 0.8980392813682556
  },
  "Tab Color": {
    "Alpha Component": 1,
    "Blue Component": 0.3215686082839966,
    "Color Space": "sRGB",
    "Green Component": 0.258823573589325,
    "Red Component": 0.2313725650310516
  },
  "Underline Color": {
    "Alpha Component": 1,
    "Blue Component": 0.5069419741630554,
    "Color Space": "sRGB",
    "Green Component": 0.3795028030872345,
    "Red Component": 0.3489385843276978
  }
}
